{
  "hash": "c197dfe4",
  "configHash": "7ec4c976",
  "lockfileHash": "cb3f7fbf",
  "browserHash": "7e1f5971",
  "optimized": {
    "@angular/common": {
      "src": "../../../../../../node_modules/@angular/common/fesm2022/common.mjs",
      "file": "@angular_common.js",
      "fileHash": "688143e0",
      "needsInterop": false
    },
    "@angular/core": {
      "src": "../../../../../../node_modules/@angular/core/fesm2022/core.mjs",
      "file": "@angular_core.js",
      "fileHash": "1bd2edc7",
      "needsInterop": false
    },
    "@angular/forms": {
      "src": "../../../../../../node_modules/@angular/forms/fesm2022/forms.mjs",
      "file": "@angular_forms.js",
      "fileHash": "9599397f",
      "needsInterop": false
    },
    "@angular/platform-browser": {
      "src": "../../../../../../node_modules/@angular/platform-browser/fesm2022/platform-browser.mjs",
      "file": "@angular_platform-browser.js",
      "fileHash": "c9dbb49a",
      "needsInterop": false
    },
    "@angular/router": {
      "src": "../../../../../../node_modules/@angular/router/fesm2022/router.mjs",
      "file": "@angular_router.js",
      "fileHash": "941b6269",
      "needsInterop": false
    },
    "axios": {
      "src": "../../../../../../node_modules/axios/index.js",
      "file": "axios.js",
      "fileHash": "8e6654c8",
      "needsInterop": false
    },
    "rxjs": {
      "src": "../../../../../../node_modules/rxjs/dist/esm5/index.js",
      "file": "rxjs.js",
      "fileHash": "ab8c39e8",
      "needsInterop": false
    },
    "zone.js": {
      "src": "../../../../../../node_modules/zone.js/fesm2015/zone.js",
      "file": "zone__js.js",
      "fileHash": "ec004da6",
      "needsInterop": true
    }
  },
  "chunks": {
    "chunk-XAV5DMUA": {
      "file": "chunk-XAV5DMUA.js"
    },
    "chunk-WINHDPTV": {
      "file": "chunk-WINHDPTV.js"
    },
    "chunk-7AWZNVP6": {
      "file": "chunk-7AWZNVP6.js"
    },
    "chunk-RSS3ODKE": {
      "file": "chunk-RSS3ODKE.js"
    },
    "chunk-4ULMLRGT": {
      "file": "chunk-4ULMLRGT.js"
    }
  }
}