{
  "hash": "af3de0d3",
  "configHash": "9a4530b7",
  "lockfileHash": "593575d9",
  "browserHash": "30f718f9",
  "optimized": {
    "@angular/common/http": {
      "src": "../../../../../../node_modules/@angular/common/fesm2022/http.mjs",
      "file": "@angular_common_http.js",
      "fileHash": "31ec13ee",
      "needsInterop": false
    },
    "@angular/core": {
      "src": "../../../../../../node_modules/@angular/core/fesm2022/core.mjs",
      "file": "@angular_core.js",
      "fileHash": "ae4c49ba",
      "needsInterop": false
    },
    "@angular/forms": {
      "src": "../../../../../../node_modules/@angular/forms/fesm2022/forms.mjs",
      "file": "@angular_forms.js",
      "fileHash": "8f43843a",
      "needsInterop": false
    },
    "@angular/platform-browser": {
      "src": "../../../../../../node_modules/@angular/platform-browser/fesm2022/platform-browser.mjs",
      "file": "@angular_platform-browser.js",
      "fileHash": "119c5608",
      "needsInterop": false
    },
    "@angular/router": {
      "src": "../../../../../../node_modules/@angular/router/fesm2022/router.mjs",
      "file": "@angular_router.js",
      "fileHash": "f4d83a6f",
      "needsInterop": false
    },
    "axios": {
      "src": "../../../../../../node_modules/axios/index.js",
      "file": "axios.js",
      "fileHash": "eabcf3f7",
      "needsInterop": false
    },
    "rxjs": {
      "src": "../../../../../../node_modules/rxjs/dist/esm5/index.js",
      "file": "rxjs.js",
      "fileHash": "46c2469b",
      "needsInterop": false
    },
    "zone.js": {
      "src": "../../../../../../node_modules/zone.js/fesm2015/zone.js",
      "file": "zone__js.js",
      "fileHash": "daa4c6c6",
      "needsInterop": true
    }
  },
  "chunks": {
    "chunk-FL3STAC2": {
      "file": "chunk-FL3STAC2.js"
    },
    "chunk-ZSDOPWTU": {
      "file": "chunk-ZSDOPWTU.js"
    },
    "chunk-E6LTLY5E": {
      "file": "chunk-E6LTLY5E.js"
    },
    "chunk-YW65FSQM": {
      "file": "chunk-YW65FSQM.js"
    },
    "chunk-7AWZNVP6": {
      "file": "chunk-7AWZNVP6.js"
    },
    "chunk-RSS3ODKE": {
      "file": "chunk-RSS3ODKE.js"
    },
    "chunk-4ULMLRGT": {
      "file": "chunk-4ULMLRGT.js"
    }
  }
}